{"cameraMode":{"drawMode":0,"name":"Shaded","section":"Shading Mode"},"sceneLighting":true,"audioPlay":false,"sceneViewState":{"showFog":true,"showMaterialUpdate":false,"showSkybox":true,"showFlares":true,"showImageEffects":true,"showParticleSystems":true},"in2DMode":false,"pivot":{"x":85.27784729003906,"y":57.08221435546875,"z":-38.12669372558594},"rotation":{"x":-0.032988790422677997,"y":0.017989445477724077,"z":-0.0005938279791735113,"w":-0.9992936849594116},"size":143.49928283691407,"orthographic":false}